409-95-6118,F,Amlodipine Besylate,06/01/2018,China
290-16-8087,F,Mirtazapine,21/09/2018,Benin
711-54-2788,F,WOMENS LAXATIVE,22/09/2019,Serbia
877-17-6866,F,Haloperidol,31/01/2019,Philippines
782-38-0692,F,SyDerm Complex,05/01/2020,Iran
157-53-0653,M,Atenolol,15/11/2019,Indonesia
127-80-0097,M,ATORVASTATIN CALCIUM,08/12/2019,Indonesia
241-26-0923,F,KIT FOR THE PREPARATION OF TECHNETIUM TC 99M MEDRONATE,08/05/2020,Indonesia
270-11-8794,F,Premier Value Arthritis 8 Hour,16/10/2019,Brazil
209-72-4324,M,Procentra,01/05/2020,Poland
537-94-6021,F,Zep Professional Healthcare Worker,14/09/2018,Samoa
612-68-4281,F,rexall all day allergy relief,21/03/2019,China
897-75-6927,F,DRITHO-CREME,03/01/2019,Indonesia
160-48-9148,M,STUDIO SCULPT,23/02/2019,Czech Republic
281-27-8284,F,Amlodipine besylate and Atorvastatin calcium,04/02/2018,Cape Verde
210-28-4438,M,No7 Stay Perfect Foundation Sunscreen SPF 15 Espresso,28/09/2018,Canada
653-77-6852,F,Retaine CMC Lubricant Eye Drops,22/03/2018,Trinidad and Tobago
476-38-6966,F,GAVISCON,12/01/2018,Sweden
505-66-2051,M,Ceftriaxone Sodium,05/03/2019,Mexico
102-75-5347,M,Benztropine Mesylate,31/07/2018,Indonesia
411-57-0345,M,LE TECHNIQ,04/01/2019,Czech Republic
780-65-3039,F,Rizatriptan Benzoate,06/02/2020,Ireland
281-34-0535,M,Bupropion Hydrochloride,05/12/2019,Cameroon
183-75-5616,M,Citrus Cydonia 3,13/07/2018,Mexico
684-73-4568,M,Hemorrhoidal Cooling Gel,11/11/2018,Indonesia
735-02-6249,F,Anti Itch,05/03/2020,Poland
809-12-9382,M,Phenazopyridine Hydrochloride,28/09/2018,Poland
827-42-2662,M,LBEL Couler Luxe Supreme XP,18/10/2018,Afghanistan
703-93-2191,M,Sunmark Loratadine,14/03/2020,Indonesia
678-01-5371,F,Bio Psorinum Phase,05/11/2018,Thailand
532-11-6831,F,acarbose,15/12/2018,Nigeria
508-54-3666,F,Old Spice Fresh Collection,16/07/2018,China
838-31-6807,F,dg health allergy relief,01/05/2018,Russia
186-07-3326,M,Gabapentin,19/02/2018,China
494-45-9633,F,SHISEIDO PERFECT REFINING FOUNDATION,17/11/2019,Peru
540-58-4666,M,SHISEIDO SHEER MATIFYING COMPACT (REFILL),04/05/2019,Malaysia
789-49-5040,M,Lamotrigine,17/07/2019,Mexico
547-66-4418,M,Head and Shoulders,04/04/2018,Albania
248-87-7942,M,VERELAN,16/01/2020,Russia
181-25-8778,M,Allergy and Red Eye Relief,05/11/2019,China
264-67-3958,F,ANTI BACTERIAL HAND SANITIZER,24/08/2019,Indonesia
261-65-5539,M,Noble Lion Medicated Balm,30/11/2018,Netherlands
541-67-2475,M,SMART SENSE TOLNFTATE ANTIFUNGAL,24/08/2019,Philippines
509-97-4744,F,Diltiazem Hydrochloride,17/09/2019,Mexico
213-19-2094,F,being well nasal,09/03/2019,Philippines
208-88-7468,F,Prostatone,13/05/2020,Kazakhstan
459-82-4236,F,Epirubicin Hydrochloride,09/02/2019,France
257-10-7406,F,ATORVASTATIN CALCIUM,09/10/2018,Portugal
855-64-4283,M,Bumetanide,27/12/2019,United States
370-41-6589,F,POPULUS ALBA POLLEN,15/05/2018,Syria
752-91-0664,F,PANTOPRAZOLE SODIUM,06/11/2019,Finland
752-40-5715,M,School Health Sterile Alcohol Prep Pad,07/05/2020,Colombia
239-77-5158,F,Prednisone,26/02/2018,Ireland
540-93-5673,F,EXCHANGE SELECT NICOTINE TRANSDERMAL SYSTEM,09/09/2018,China
588-15-2963,F,IMAGE ESSENTIALS,22/10/2019,Azerbaijan
847-02-0951,M,Careless Weed Pollen,10/04/2018,Poland
640-49-0986,M,Isopropyl Alcohol,21/06/2019,Cameroon
453-82-3970,M,Ludens Honey Lemon Throat Drops,08/01/2018,Poland
437-23-2283,M,Amoxicillin,02/05/2019,China
308-64-7499,M,Fluoxetine,31/01/2020,Indonesia
606-46-5010,F,Lisinopril,08/02/2019,Brazil
273-52-4462,M,MANGO BUTTER LIPSTICK,01/07/2018,Sweden
135-58-1729,F,Gabapentin,11/06/2019,Russia
521-70-5656,F,Cyclobenzaprine Hydrochloride,21/05/2020,Philippines
797-42-5904,F,TOPROLXL,22/06/2018,China
599-76-0978,F,Apizelen,09/07/2019,Indonesia
235-28-3669,F,Softlips Coconut,21/04/2019,United States
470-50-6259,F,XtraCare Anti-Dandruff Hair Cleanse,06/04/2019,United Kingdom
796-08-8094,F,ENALAPRIL MALEATE,18/02/2018,Brazil
120-63-5763,M,SINUS PAIN AND CONGESTION DAYTIME,05/06/2019,China
206-23-9608,M,Good Sense Antacid,05/04/2018,Pakistan
790-42-8035,F,Desmopressin Acetate,27/10/2019,Philippines
286-13-4719,M,Isoniazid,23/03/2020,Armenia
433-13-1617,F,AMOXICILLIN,20/10/2018,Indonesia
614-17-6232,M,Water Oak,26/05/2020,Indonesia
121-63-7463,F,Privigen,21/10/2019,Canada
535-06-0834,M,Diltiazem Hydrochloride,21/03/2020,China
219-61-2101,M,Cold and Hot Medicated,25/10/2019,Morocco
193-71-5534,M,Phentermine Hydrochloride,18/05/2018,China
240-25-1753,M,Actos,08/08/2019,Indonesia
534-44-7356,F,Nitrofurantoin (macrocrystals),08/03/2020,Paraguay
307-37-3981,M,Harris Teeter,30/05/2019,Morocco
436-61-0888,F,Sanitizing Alcohol Rub,08/08/2019,Venezuela
647-12-6828,F,Thyro Tonic,03/02/2019,Philippines
643-71-7684,M,Oxygen,24/05/2020,Argentina
442-31-0088,F,Carvedilol,01/06/2019,Kazakhstan
703-21-2244,M,Nabumetone,28/07/2018,China
418-58-4512,F,verapamil hydrochloride,21/08/2018,Kyrgyzstan
778-80-7249,M,Care One cold head congestion,21/02/2020,Norway
812-10-8825,F,Tranexamic Acid,21/04/2018,Ethiopia
775-51-3245,M,Lidocaine Hydrochloride and Epinephrine,12/01/2019,Japan
636-10-3788,F,Total Niccolum,21/10/2019,Philippines
877-65-9423,M,LBEL Couler Luxe Supreme XP,20/01/2020,Costa Rica
453-13-5525,M,ShopRite Day Calm Severe,02/04/2019,Russia
507-87-2962,M,Verapamil Hydrochloride,11/09/2018,Portugal
171-46-7401,F,Etomidate,12/09/2018,Sweden
528-18-6859,F,Borasol,26/06/2018,China
830-22-6280,M,well at walgreens lansoprazole,19/07/2018,Comoros
253-43-7482,M,Preferred Plus Pharmacy 3 percent Hydrogen Peroxide Wipes,06/01/2020,Moldova
709-92-1250,F,equate nite time,08/08/2018,France
284-28-0509,M,Lipitor,20/08/2019,Sweden
188-88-2562,F,Epsom Salt,03/07/2019,China
167-72-3704,M,West Wheat Grass,20/06/2018,France
425-01-9941,M,PHOTO FINISH MORE THAN PRIMER BLEMISH CONTROL,15/10/2019,Indonesia
795-56-1484,M,Midodrine Hydrochloride,18/02/2020,Sweden
460-99-8885,M,Iron Polysaccharides Folic Acid DHA,16/12/2018,China
498-89-4990,M,Laxative Pills,14/02/2020,China
344-72-7260,F,Leg Cramps Relief,05/08/2018,Belarus
108-04-0300,F,Clearasil Daily Clear,15/12/2018,Poland
169-38-2745,M,Fexofenadine,04/12/2019,Canada
718-82-3251,M,cold hot patch,17/03/2019,Czech Republic
320-48-2141,F,U-Cort,14/11/2018,Czech Republic
853-87-0103,F,Tyramine,29/06/2019,Greece
589-66-4771,M,Saline,08/05/2018,Indonesia
131-96-7823,M,Ciprofloxacin Hydrochloride,17/10/2019,Philippines
748-84-1006,M,Anpitua Stim,09/06/2018,Paraguay
779-81-9553,F,Oxygen,09/09/2018,Poland
576-25-1432,M,Naproxen Sodium,20/05/2018,Denmark
588-09-9935,F,Glyset,13/03/2019,China
280-02-3131,M,health mart pain relief,30/09/2019,Palestinian Territory
564-86-5656,F,Gabapentin,29/05/2018,France
683-34-3311,M,CLOZAPINE,25/04/2018,Poland
544-36-6732,M,Prempro,17/05/2020,Slovenia
593-99-5669,M,Etodolac,14/02/2020,Georgia
683-39-9447,F,Gold Bond Ultimate Hand Sanitizer Sheer Moisture,11/12/2019,Russia
142-93-2259,M,Oxygen,11/06/2019,China
595-60-1498,M,Diclofenac Sodium,16/11/2019,China
606-13-5671,M,Stomach Relief,25/11/2018,Brazil
322-97-1573,F,Petroleum,20/01/2020,China
168-33-2747,M,Pantoprazole Sodium,11/10/2018,Brazil
699-41-8845,M,healthy accents tussin cf,26/02/2018,Argentina
832-20-3791,M,TetraVisc Forte,04/03/2018,Sweden
143-65-3642,F,careone childrens mucus relief,17/02/2019,Canada
532-07-6554,F,Carbidopa and levodopa,16/06/2019,Bosnia and Herzegovina
176-99-9219,F,Select Brand Sunscreen,17/04/2019,China
652-17-7367,F,Colgate Sensitive Prevent and Repair,29/03/2018,Czech Republic
375-71-4504,F,Sertraline Hydrochloride,01/06/2018,Albania
311-89-6228,M,Fever and Flu,24/05/2019,China
363-39-8161,M,Escitalopram,30/07/2018,China
479-27-1649,F,Simvastatin,27/04/2020,Indonesia
395-14-2072,F,healthy accents ibuprofen,13/07/2019,Colombia
418-43-5859,M,Parafon Forte DSC,08/02/2019,Indonesia
839-90-6374,F,Mirtazapine,13/06/2018,South Korea
548-28-2888,M,Shagbark Hickory,11/09/2018,Russia
665-36-5288,M,IT RADIANT CC CUSHION,20/03/2018,Japan
301-54-2985,F,Crab,31/03/2019,United States
292-39-8649,F,HELLO FLAWLESS OXYGEN WOW Broad Spectrum SPF 25 BRIGHTENING MAKEUP - BELIEVE IN ME,09/05/2020,Philippines
189-59-5465,M,AZITHROMYCIN,03/07/2019,China
800-29-9056,F,Nivea For Men Q10 Energy,16/07/2018,China
153-99-6745,F,Felodipine,06/10/2019,Indonesia
295-90-7011,M,OXYGEN,25/06/2019,China
429-30-9636,F,MRCL,13/05/2018,China
117-71-6880,M,JASMINE 3D WATERFUL 3D C.C,20/10/2018,Philippines
537-69-3007,M,Lobster,22/03/2018,Guatemala
597-64-3613,F,SEROQUEL,22/07/2018,United States
217-41-6721,M,Enalaprilat,17/01/2018,Philippines
148-06-4391,F,LBEL,21/04/2019,Ivory Coast
455-25-3522,F,Bald Cypress,01/08/2019,Indonesia
245-01-4458,F,Treatment Set TS329152,18/01/2020,Colombia
416-88-4926,F,Brimonidine Tartrate,06/09/2018,Indonesia
528-49-3542,M,equaline anti itch,20/10/2019,China
600-98-5396,F,Bumetanide,06/05/2020,Kazakhstan
457-83-4433,M,Clarithromycin,11/12/2019,China
428-85-4824,M,Levetiracetam,07/05/2019,Philippines
882-93-4753,M,Potassium Acetate,12/11/2019,China
788-20-4980,F,LINGERIE DE PEAU INVISIBLE SKIN-FUSION FOUNDATION WITH SUNSCREEN BROAD SPECTRUM SPF 20 31 AMBRE PALE,06/05/2018,Thailand
203-60-6785,M,laura mercier Tinted Moisturizer Creme Compact Broad Spectrum SPF 20 Sunscreen BLUSH,19/09/2019,China
107-41-5456,M,Mineral Oil Lubricant Laxative,28/04/2018,Libya
422-88-2752,M,Acephen,29/11/2019,Thailand
879-19-1614,F,Lidocaine Hydrochloride,23/09/2019,Brazil
897-59-5288,M,hemorrhoidal,27/12/2018,Philippines
331-34-0781,F,supernatural airbrushed canvas broad spectrum spf 15 sunscreen,09/03/2018,Colombia
553-31-3648,M,Rabbitbush Pollen,22/11/2019,Sweden
316-30-6778,M,TUMS,22/08/2018,China
333-22-8108,F,Re20 Light Wrinkle BB Cream,28/12/2018,Hungary
766-25-6999,F,LBEL HYDRATESS,14/09/2018,Indonesia
310-44-0512,M,Hydroxyzine hydrochloride,14/12/2019,Brazil
769-72-6660,F,Zihuadick,28/02/2020,Portugal
640-12-6872,M,Krebs Stimulator Plus,24/04/2018,Vietnam
606-45-8565,F,Phenytoin Sodium,27/11/2019,Sweden
122-17-6004,F,Verapamil Hydrochloride,12/07/2018,Indonesia
590-06-2022,M,Alprazolam,31/08/2019,Sweden
259-28-5643,F,Hydrocortisone,01/05/2019,China
441-28-1370,F,BreathAway,26/09/2018,Philippines
431-99-0016,M,Zodryl DEC 30,03/03/2018,Israel
684-22-6224,F,Day Time,06/11/2018,Ukraine
687-83-8664,F,Neutrogena SkinClearing,30/11/2019,Indonesia
822-26-7816,M,Carisoprodol,21/04/2019,China
220-62-0455,F,Levofloxacin,26/05/2020,Sweden
144-56-4252,M,topcare tussin CF,03/02/2019,Canada
346-59-8286,F,Lorazepam,22/05/2019,China
345-99-1359,M,NATURCOKSINUM FLU RELIEF,07/02/2020,Indonesia
447-46-6602,F,Valproate Sodium,27/09/2018,China
287-76-1990,F,KEDBUMIN,22/02/2019,Costa Rica
546-75-2231,F,Baza Cleanse and Protect,02/03/2019,Argentina
728-63-3378,M,Aspirin,16/10/2019,China
306-47-5700,F,Alcoscrub,31/10/2019,Indonesia
828-51-3225,F,kirkland signature aller tec,05/03/2019,Russia
147-42-5833,M,Lorazepam,05/05/2020,Tanzania
687-79-4582,F,SEROQUEL,26/03/2018,Denmark
584-32-0787,M,Ticlopidine Hydrochloride,09/10/2018,Indonesia
759-60-7501,F,Gleostine,24/10/2019,Ukraine
402-05-9089,M,Obao Piel Delicada,30/01/2019,China
715-78-0456,M,Cactus Grandiflorus Kit Refill,10/04/2019,China
414-52-2394,F,Octreotide Acetate,24/03/2020,China
189-46-4685,F,RANITIDINE,15/03/2018,Peru
875-84-6234,F,Insect Bite,17/07/2019,Indonesia
749-66-1694,F,Veil Fluid Makeup Light Beige,12/06/2019,Portugal
454-09-7935,M,Lidocaine Hydrochloride,10/05/2018,Dominican Republic
811-09-2190,F,Isopropyl Alcohol Prep Swab,23/04/2020,Ecuador
724-72-0554,F,VIVID TINT BAR,12/12/2019,Indonesia
418-17-5099,F,balance-n-brighten,05/04/2020,Paraguay
875-98-2603,M,Prednisone,05/07/2019,Sweden
356-87-1777,F,Amazonian Colored Clay Foundation Broad Spectrum SPF 15 Sunscreen,01/05/2020,Thailand
742-87-3385,M,Losortan Potassium,22/12/2018,Russia
288-96-1190,F,BECONASE,30/05/2018,China
747-06-3797,M,Dinosaur Gel Toothpaste,21/03/2019,Brazil
764-67-5525,M,Tussin CF,10/03/2019,Russia
264-91-4682,F,amoxicillin and clavulanate potassium,19/03/2018,Brazil
527-99-8890,F,Ofloxacin,10/02/2020,Portugal
877-85-6150,F,Wal-Zyr,19/01/2019,Indonesia
808-59-9856,M,Stool Softener plus stimulant Laxative,25/12/2019,Finland
514-93-8072,M,Methadone Hydrochloride,07/10/2018,China
110-24-6513,F,Perphenazine,30/03/2018,China
455-05-6671,F,Treatment Set TS348403,21/12/2018,Tunisia
419-52-8614,M,SHISEIDO THE MAKEUP LIFTING FOUNDATION,12/02/2019,China
663-14-6780,F,antiperspirant deodorant,23/06/2019,Portugal
881-21-9326,M,Nicotiana e fol. 6,17/10/2019,Costa Rica
866-91-7109,M,Overwhelmed,29/04/2018,Russia
458-24-7920,F,Allergy Relief,21/05/2020,Indonesia
583-42-7298,M,ANTIDANDRUFF,10/07/2018,Portugal
107-95-6459,F,Dolce and Gabbana Daily Moisturizer,24/09/2019,Philippines
816-73-1210,M,DIPHENHYDRAMINE HYDROCHLORIDE,02/02/2020,Philippines
527-81-9016,F,Pranactin-Citric,18/06/2019,South Korea
422-90-8292,M,ESSENCE OF BEAUTY,08/07/2018,Indonesia
287-55-6582,M,TRAMADOL HYDROCHLORIDE AND ACETAMINOPHEN,14/12/2018,Brazil
113-31-7679,F,Clonazepam,11/08/2019,Greece
766-11-4775,M,Loperamide Hydrochloride,25/06/2018,Tunisia
619-38-6964,F,PediaCare Childrens Fever Reducer Pain Reliever Dye Free,08/04/2019,China
167-46-5479,F,YERVOY,23/03/2018,Mexico
600-20-3080,M,PURE HYDROGEL MASK PACK,15/04/2018,Indonesia
393-61-2288,F,Turbo Travel Sickness,27/09/2019,Sri Lanka
739-98-5918,F,Guanidine hydrochloride,09/03/2020,United Kingdom
336-43-5626,M,Polyethylene Glycol 3350 NF,30/07/2018,Angola
473-77-4977,M,PURE SPRING,18/01/2018,Brazil
338-82-2476,M,Lamotrigine,19/08/2018,Czech Republic
101-45-7078,M,AVANDIA,03/08/2018,Palestinian Territory
235-39-9307,F,Oyster,23/11/2019,Sweden
595-11-8595,M,Diltiazem Hydrochloride,01/02/2020,Vietnam
485-23-7477,M,Red Eye Reducer,28/01/2019,Indonesia
782-01-6908,M,Carbamazepine,25/12/2018,South Korea
414-40-3285,F,Amlodipine Besylate,26/01/2019,United States
793-99-2013,M,I-MAX LIGHTENING L,02/10/2018,China
862-37-8114,F,Triacting Night Time,26/03/2018,Nigeria
690-95-5534,M,Ferrum phosphoricum 6,01/01/2019,Portugal
287-44-8841,M,Dermatop,25/09/2018,Russia
872-29-1672,F,Cocklebur,27/10/2019,China
495-04-1973,F,Aleve,15/02/2019,France
103-38-7643,M,up and up allergy relief,20/01/2019,Brazil
775-15-5981,F,SHISEIDO FUTURE SOLUTION LX TOTAL RADIANCE FOUNDATION,16/01/2020,Nigeria
851-47-0630,M,LBEL COULEUR LUXE AMPLIFIER XP,06/12/2018,Uzbekistan
159-47-9996,M,Chlorpromazine Hydrochloride,21/05/2018,Russia
441-26-1118,M,COUMADIN,14/06/2019,China
144-65-6857,F,Henry Schein Ibuprofen,31/12/2018,Vietnam
225-46-5510,M,LBEL Couleur Luxe Rouge Amplifier XP amplifying SPF 15,14/08/2019,Peru
546-94-2381,F,Ferrum sidereum 6,20/05/2018,Israel
193-08-6476,F,Haloperidol Lactate,17/04/2018,Iran
345-11-9564,M,Cimetidine,28/05/2018,France
782-51-8420,F,Childrens Allergy,19/07/2018,China
725-23-4182,F,TUBERSOL,23/03/2020,China
336-62-4978,M,topiramate,29/07/2018,Peru
120-89-6074,F,Divalproex Sodium,04/11/2019,Ukraine
827-39-1437,M,Metoprolol Tartrate,22/04/2018,Indonesia
638-68-6791,F,HepaGam B,01/07/2019,Czech Republic
132-82-6525,F,Hibistat,31/01/2019,Indonesia
326-55-3484,F,Lisinopril,15/03/2019,Russia
634-84-2640,F,SELEGILINE HYDROCHLORIDE,12/01/2018,Indonesia
258-09-1404,M,Thyro Tonic,16/03/2018,Philippines
251-27-3458,F,TS (Talmostop) Hair Tonic,29/10/2019,China
874-61-7040,M,Treatment Set TS330171,21/07/2019,China
233-53-9786,F,equaline nicotine,06/06/2019,France
798-44-3200,M,Softlips Pure Lip Gloss,27/10/2019,Iraq
190-80-9023,M,EZ Nite Sleep,02/02/2019,China
245-40-5762,M,Metoprolol Succinate,10/10/2019,Kazakhstan
288-68-5927,M,Celery,15/12/2019,China
853-05-4323,F,Chloroquine,05/09/2018,Portugal
732-96-2151,F,Readi-Cat2,13/11/2018,China
873-24-5478,F,Covergirl Outlast Stay Fabulous 3in1 Foundation,23/11/2019,Sweden
485-21-2662,F,POPULUS ALBA POLLEN,19/04/2019,Croatia
300-70-0703,F,vanarex hair regrowth treatment,29/09/2019,Ukraine
310-33-5765,F,Bellagio Sunscreen SPF 30,17/05/2018,Indonesia
684-18-1425,F,Estradiol,03/08/2018,Indonesia
232-22-2387,F,Promethazine Hydrochloride and Dextomethorphan Hydrobromide,05/05/2018,Portugal
875-86-3310,M,CEDERROTH Emergency Eye Wash,13/12/2019,Morocco
685-07-5810,M,Caribbean Escape Anti Bacterial Foaming Hand,29/09/2018,Russia
624-71-4106,M,Betamethasone Dipropionate,11/06/2018,Philippines
324-16-5335,F,ENALAPRIL MALEATE,31/03/2020,Sweden
290-20-1846,M,Cephalosporium,14/11/2018,Indonesia
351-52-4470,F,HYDROCODONE BITARTRATE AND ACETAMINOPHEN,10/07/2018,China
753-66-7899,F,DOCTORS CHOICE,09/12/2018,Russia
591-77-3247,M,Tanzeum,01/04/2019,China
777-78-9619,M,Labetalol Hydrochloride,20/02/2019,United States
796-15-9970,M,Allergy Relief Now Inhaled Allergy Remedy,20/05/2019,Russia
161-96-0360,M,Clonidine Hydrochloride,22/12/2018,Indonesia
549-23-5802,F,DELFLEX,13/04/2020,Serbia
216-04-9240,M,Trelstar,08/02/2020,Czech Republic
654-10-5150,M,donepezil hydrochloride,17/11/2018,Peru
322-76-5387,M,Alcohol Free Antiseptic,08/04/2019,Cameroon
691-81-3800,M,Bleomycin,19/06/2019,China
810-09-7983,M,Ciprofloxacin,01/10/2018,Haiti
204-35-7658,M,Doxycycline,28/09/2018,Portugal
297-95-9013,M,Seequin 4,17/09/2018,China
268-66-2272,M,Savella,27/11/2018,Indonesia
475-18-3180,F,shing-Releev,22/07/2018,Mexico
531-57-9676,F,Herring,06/02/2019,Mexico
192-21-5248,F,Spatheraphy,16/09/2019,China
185-10-8697,F,ALLIUM CEPA,10/11/2018,Russia
409-40-8075,M,CHILDRENS ADVIL,15/02/2020,France
633-11-9259,M,Atenolol,08/03/2019,Vietnam
532-16-1525,F,Naproxen,07/04/2020,Portugal
784-30-7184,M,Ipratropium Bromide,23/04/2019,Sweden
351-29-0070,M,Smart Sense Hemorrhoidal,04/08/2018,Indonesia
721-28-2621,F,Promethazine with Codeine,18/10/2018,Botswana
697-79-3004,F,Olanzapine,13/05/2020,Sweden
840-62-7053,M,Acyclovir,13/06/2019,Honduras
511-25-1091,F,DOCUSATE SODIUM 50 MG,29/03/2019,Iran
685-72-8620,M,FeverALL Adults,01/12/2018,France
159-79-4128,F,Propranolol Hydrochloride,11/12/2019,Indonesia
164-88-9465,M,Phenytoin Sodium,19/12/2019,Greece
165-55-4589,M,LBEL NATURAL FINISH MOISTURIZING FOUNDATION SPF 25,08/01/2020,Nigeria
882-13-9352,M,Metformin Hydrochloride,31/01/2019,United States
327-75-9055,M,American Red Cross First Aid Kit,08/09/2018,China
765-10-2692,F,Hot Ice Soothing Analgesic Gel,22/04/2019,Poland
882-44-8881,F,flormar BB Sheer Tinted Beauty Sunscreen Broad Spectrum SPF 15 03 Dark Medium,10/07/2019,Uganda
276-37-7481,F,Levofloxacin,15/04/2020,Benin
671-69-7205,F,OASIS Tears Plus,24/12/2018,Czech Republic
184-78-8163,M,KPP Ultra Thick Medicated Callus Remover,07/04/2018,China
838-03-4040,M,pain relief,09/01/2018,China
261-42-5214,M,LIP BALM,18/08/2018,China
640-71-6153,M,Stool Softener plus Stimulant Laxative,13/04/2019,China
533-32-9605,M,Thyroplex,15/05/2020,Indonesia
579-41-7222,M,Buprenorphine HCl and Naloxone HCl,22/10/2019,Niger
233-70-3207,F,Male Balance,16/03/2019,Japan
649-15-1504,M,Chlorothiazide,15/06/2019,Peru
610-79-7302,M,Aspirin,10/08/2019,Paraguay
165-11-1725,F,TOMATO SUN,23/09/2018,Netherlands
371-27-8506,F,Cozaar,17/10/2018,Indonesia
341-04-8701,F,NiteTime DayTime,10/01/2020,Chile
528-54-3311,F,RYZOLT,01/09/2019,Canada
174-13-2281,M,ROBAXIN,28/03/2018,Morocco
577-17-3251,F,Medline Acetaminophen,18/02/2018,South Korea
228-19-6832,F,Dermasil Advanced,17/07/2019,Poland
554-10-3942,F,WhiskCare 375,20/01/2019,Czech Republic
277-71-8650,F,Speech Therapy,13/10/2019,Armenia
452-97-5524,M,Dologesic,04/05/2020,Montenegro
256-77-8106,M,Cefadroxil,22/09/2018,Russia
630-74-5243,M,DELFLEX,29/01/2018,Japan
263-09-6127,F,Medicated Apricot Scrub,14/04/2019,Brazil
322-60-1356,M,Green Apple Hand Sanitizer,21/10/2019,Poland
771-40-4394,F,Morphine sulfate,26/03/2019,Indonesia
284-20-2621,M,CITALOPRAM,02/01/2018,Indonesia
510-66-7498,M,HYDROCODONE BITARTRATE AND ACETAMINOPHEN,15/05/2020,United States
682-78-7833,M,Sepia,08/03/2020,Greece
695-98-5431,M,Vicks VapoRub,27/12/2019,Ukraine
638-10-1900,F,expectorant,06/05/2020,Latvia
837-82-5679,F,Mark 3,08/12/2019,United States
303-94-3193,F,Adapalene,07/04/2019,China
490-56-6327,F,good sense acid reducer,09/06/2018,Russia
489-39-3561,F,Lamotrigine,27/03/2020,China
719-99-2739,M,Losartan Potassium,16/02/2020,Russia
770-56-6590,F,Naropin,09/02/2018,Yemen
471-72-6613,F,up and up miconazole 1,10/07/2018,China
140-75-3149,F,METFORMIN HYDROCHLORIDE,08/03/2020,China
875-71-7994,M,JALYN,30/12/2018,Mali
830-89-4926,M,CETIRIZINE HYDROCHLORIDE,06/08/2018,New Zealand
241-84-2510,M,Lidocaine Hydrochloride and Epinephrine,24/10/2019,Malaysia
135-21-2607,F,Bupropion Hydrochloride,01/05/2019,France
387-12-1928,M,GILTUSS PEDIATRIC,08/09/2018,Indonesia
867-99-5499,F,Terazosin Hydrochloride,19/01/2019,Morocco
576-59-3937,F,Goat Epithelia,17/10/2019,Ireland
684-44-9090,F,Naproxen,17/05/2019,Indonesia
522-51-1090,F,SkinMedica Purifying Toner,20/02/2019,China
382-95-0751,F,XANTHIUM STRUMARIUM VAR CANADENSE POLLEN,30/04/2019,China
822-67-0132,F,Antioxidant Daily Protectant SPF 50,22/02/2018,Philippines
660-18-8030,F,Levetiracetam,23/02/2020,China
536-14-1987,M,Nasal Decongestant,06/08/2019,China
598-49-4682,F,Good Sense Hair Regrowth Treatment,26/09/2019,Uruguay
172-47-9020,F,Chlorhexidine Gluconate,12/05/2018,Russia
888-97-8064,M,Lactated Ringers,23/09/2019,Nigeria
192-63-2119,F,Cetrizine Hydrochloride,12/05/2020,France
342-69-3096,F,Aorta Belladonna,05/04/2018,Lesotho
667-01-1227,M,Gas Relief,14/05/2020,Uzbekistan
314-36-7357,M,Varicose Vein Complex,01/11/2019,Brazil
463-40-8186,F,Berberis Prunus,25/01/2020,Dominican Republic
717-27-6113,M,Sunmark Hemorrhoidal,27/12/2018,Argentina
106-98-4072,M,Diazepam,24/04/2018,Philippines
778-57-6135,F,SNAIL THERAPY 70 SPECIAL SET,16/12/2019,Armenia
365-89-1413,F,Dye-Free Wal-Dryl,26/03/2019,Venezuela
376-51-3474,M,Robitussin Peak Cold Cough Plus Chest Congestion DM,10/06/2019,Portugal
406-51-0581,F,Hyperactivity - Mental Focus,02/04/2018,Portugal
418-25-4723,M,Lisinopril,25/03/2018,China
670-11-7247,F,Mirtazapine,30/12/2019,United States
734-48-2512,F,Promethazine Hydrochloride,24/01/2020,Brazil
845-96-8751,F,Sore Throat,01/12/2018,China
544-43-0327,M,Stool Softener plus Laxative,25/08/2019,United States
780-09-2039,F,Furosemide,21/04/2019,Sweden
325-29-5584,M,Anticavity,10/04/2019,Indonesia
547-98-0831,F,Pre Dental Visit,13/06/2019,Liberia
368-36-4310,F,Orange,29/05/2019,Philippines
372-75-3118,M,CEFAZOLIN,03/03/2018,France
678-08-2763,M,Day Time,21/02/2018,Croatia
709-17-4357,F,Fiore Rx Antifungal ProPen,07/05/2018,Angola
667-73-6795,F,DIGOX,25/06/2018,Indonesia
104-97-2939,F,Telmisartan,08/09/2018,China
297-88-9285,M,Dental Relief,22/09/2018,Botswana
385-41-8565,M,AZITHROMYCIN,25/06/2019,China
686-40-8139,M,Vitafol,29/06/2018,China
889-08-0142,M,Perphenazine,21/01/2018,Greece
315-42-4082,F,Risperidone,22/07/2019,Philippines
816-90-9307,M,ESSENTIAL BODY MOISTURIZING ESSENCE,09/01/2019,Indonesia
237-53-6304,F,EARACHE KIDS RELIEF,28/12/2018,Poland
528-36-8939,M,Prednisone,20/02/2018,Indonesia
117-71-1189,F,SSD Cream,20/03/2018,Iran
338-73-1443,M,Ready Foundation,15/07/2019,Ukraine
759-21-0687,M,Treatment Set TS337026,03/07/2018,Indonesia
590-74-1932,F,Senna Laxative,23/03/2018,Indonesia
220-82-2494,F,Therafeldamine,15/10/2019,Indonesia
713-15-5815,F,Auro Earache Relief,10/08/2018,Ghana
862-93-8802,F,Neuro,02/02/2020,Bosnia and Herzegovina
418-84-0182,F,Suprenza,02/11/2018,Tanzania
275-88-3746,F,X Out Cleansing Wipes For On The Go Blemish Treatment,17/06/2019,Philippines
842-09-8251,M,Simvastatin,27/06/2019,Cuba
627-97-8583,F,VITAZING,04/01/2018,Indonesia
501-48-9699,M,Artificial Tears,07/02/2019,Libya
478-07-6927,M,Allergy and Cold,11/12/2018,China
836-72-7711,F,healthy accents stomach relief,12/06/2019,Comoros
631-59-3381,M,Easy,15/10/2018,France
474-63-6603,M,Pioglitazone,11/04/2018,Croatia
596-10-0129,M,Ultra-TechneKow,01/12/2018,Bangladesh
827-20-4923,M,Yellow Jacket hymenoptera venom Venomil Diagnostic,11/11/2018,Brazil
354-42-7758,M,Glimepiride,17/05/2019,Ukraine
655-62-3667,M,P LAX DR,09/02/2020,Ukraine
435-44-1240,M,Bur Oak,20/02/2019,Mexico
121-01-0312,M,Good Sense Ibuprofen,08/08/2019,Japan
425-16-8520,M,TRAMADOL HYDROCHLORIDE,02/10/2018,Russia
263-69-6444,M,Paroxetine,31/10/2019,Brazil
142-62-7730,M,Pecan Pollen,12/07/2019,Poland
685-90-1672,F,HAWAIIAN TROPIC,04/12/2019,China
498-25-3391,F,Lamotrigine,17/10/2019,Libya
289-73-1643,F,Megestrol Acetate,25/11/2018,China
755-13-0780,F,Ampicillin,01/05/2020,Philippines
122-37-0828,M,Finasteride,18/02/2019,Albania
440-77-0078,M,No7 Lift and Luminate Day Sunscreen Broad Spectrum SPF 15,04/12/2019,China
671-89-3919,F,Prenatal Mega Antioxidant,21/08/2019,Ghana
880-54-2945,M,LBEL FILLING EFFECT FOUNDATION SPF 10,31/10/2019,Paraguay
848-59-6233,M,Loperamide Hydrochloride,08/01/2018,Ukraine
706-05-9333,M,Furosemide,13/10/2019,Uganda
367-93-5010,F,Anastrozole,06/12/2018,Japan
331-93-2720,M,PROVIGIL,09/02/2019,China
508-37-5241,M,Povidone Iodine Impregnated,25/06/2018,Macedonia
426-76-3769,M,Venlafaxine Hydrochloride,23/12/2018,Mexico
852-32-7694,F,Rite Aid Ear Drops,26/03/2018,Bulgaria
357-03-5117,M,Amlodipine Besylate and Benazepril Hydrochloride,25/09/2018,China
747-87-6601,M,Claritin-D,19/09/2018,Sweden
534-23-7006,F,Trimethobenzamide Hydrochloride,16/06/2019,Japan
765-32-3302,F,Therapeutic,05/11/2018,China
290-77-4875,F,Wal Zyr D,14/04/2018,Venezuela
333-80-7882,M,RISPERIDONE,06/04/2018,Portugal
899-13-0349,F,TRIPLE PASTE-AF,24/05/2019,Brazil
314-75-6491,F,HYDROCODONE BITARTRATE AND ACETAMINOPHEN,15/04/2019,Myanmar
156-18-1937,M,Cetirizine Hydrochloride,15/02/2018,Poland
776-76-4707,M,ULTRA HYDRO FACIAL FOAM,08/09/2019,Syria
410-71-7918,F,expectorant cough,15/08/2018,China
739-46-8778,F,CVS PHARMACY,07/11/2018,Poland
410-59-0885,M,PRED FORTE,30/04/2020,Poland
130-36-1206,F,Wellness4Cough Syrup,07/07/2019,Argentina
779-88-6458,F,Ropinirole,17/05/2020,Venezuela
373-21-2681,F,OVIDE,04/12/2018,China
402-97-2131,F,CITALOPRAM HYDROBROMIDE,18/05/2018,Malaysia
892-14-4948,M,XIFAXAN,30/12/2018,Russia
721-72-2493,M,ALPRAZOLAM EXTENDED-RELEASE,08/03/2019,China
620-95-9049,F,Fiore Rx Coral Sorbet Antifungal Nail Polish,05/08/2018,Indonesia
686-20-9351,M,Blemish Buster,15/09/2019,China
663-92-3213,F,Levothyroxine Sodium,01/02/2020,China
519-90-0616,F,Cough and Cold,07/10/2019,Malaysia
528-80-0971,F,Mucor plumbeus,17/09/2018,Poland
711-23-6311,F,Carvedilol,22/11/2019,Philippines
150-43-5267,M,Skin So Soft,08/09/2018,El Salvador
351-74-2957,F,LAURA GELLER BEAUTY TUSCAN SUN SPACKLE SPF 30 PROTECTIVE UNDER MAKE-UP PRIMER FAIR,13/03/2019,Russia
248-35-6668,F,Tacrolimus,13/02/2018,China
391-07-5488,M,POPULUS DELTOIDES POLLEN,12/10/2019,Paraguay
865-76-0868,M,Metformin Hydrochloride,17/01/2018,Belarus
749-96-1092,F,Zinc Oxide,17/01/2019,Czech Republic
565-14-8263,F,Gemfibrozil,06/10/2019,Russia
734-41-9119,M,Neomycin and Polymyxin B Sulfates and Gramicidin,17/03/2020,Philippines
368-65-2125,M,Speed Stick,29/06/2018,Ukraine
192-19-2062,M,Trazodone Hydrochloride,08/05/2018,China
243-43-6023,M,PredniSONE,02/07/2019,Indonesia
720-42-5453,M,Cyclobenzaprine Hydrochloride,22/04/2018,Brazil
707-76-3178,F,Tramadol Hydrochloride and Acetaminophen,23/01/2020,China
222-38-5604,F,cough,15/03/2018,Indonesia
842-37-6228,F,Bupropion Hydrochloride,02/11/2018,China
282-60-1688,F,Ciclopirox Olamine,23/02/2020,Brazil
481-17-4557,M,PEG-3350 and Electrolytes,25/10/2018,China
389-27-7481,M,Muscle Ease,21/11/2019,Colombia
382-21-5161,M,Prochlorperazine Maleate,19/12/2018,Greece
587-35-5974,F,Eve Lom Radiance Perfected Tinted Moisturiser Broad Spectrum SPF 15 Sunscreen,31/01/2019,Cuba
234-20-1739,F,Buttermilk Time Frame Future Resist Foundation Broad Spectrum SPF 20,08/05/2020,France
320-33-3705,M,HYDROCODONE BITARTRATE AND ACETAMINOPHEN,23/05/2018,Mauritius
342-64-6816,M,AURUM PLUMBUM,21/09/2019,Portugal
683-13-7449,M,ibuprofen,04/10/2018,Netherlands
434-34-5052,F,risperidone,15/12/2018,Armenia
449-38-3305,F,Carbidopa and Levodopa,02/06/2019,China
816-30-9140,M,VERTICILLIUM ALBO ATRUM,15/10/2018,China
460-19-5035,M,Sulindac,28/01/2020,Indonesia
467-78-0296,M,Caffeine Citrate,15/12/2018,Portugal
541-23-0944,M,Icy Hot Advanced Relief,12/06/2019,Pakistan
278-65-4043,M,Gabapentin,10/07/2019,China
777-08-9218,M,Entacapone,11/12/2018,China
379-19-4114,M,Guanfacine,23/02/2018,Brazil
416-14-6430,M,Clean Force Hand Sanitizer,18/02/2018,China
446-06-2347,M,Rivastigmine Tartrate,20/04/2020,France
171-75-1905,M,Tolnaftate,02/12/2019,United States
712-74-2215,M,Ranitidine Hydrochloride,11/11/2019,Russia
764-48-2339,M,ibuprofen,05/04/2020,Uruguay
329-38-7168,M,PEGINTRON,17/11/2018,Peru
600-93-2910,F,ESIKA,26/11/2019,Peru
611-84-9896,M,BOBBI BROWN EXTRA,14/03/2018,Ireland
771-99-5181,M,Aspirin,30/12/2019,Cuba
339-20-1809,F,Hydrogen Peroxide,04/02/2018,China
491-59-1359,F,Clomiphene Citrate,13/08/2018,Philippines
175-68-5781,M,temazepam,07/01/2019,China
830-64-6040,M,Apis Belladonna,22/10/2019,France
463-79-7230,F,Diphenhydramine HCl and Zinc Acetate,13/03/2019,Macedonia
322-06-3559,M,NU-DERM SUN SHIELD BROAD SPECTRUM SPF 50,21/03/2019,Russia
329-59-0832,F,Hansai Beestox Sun Cream,16/01/2019,China
657-47-4980,F,Levetiracetam,18/05/2020,Indonesia
484-72-6945,M,OXYCODONE AND ACETAMINOPHEN,12/08/2019,Vietnam
576-56-1187,M,Holiday EleganceFrosted GingerbreFrosted Gingerbre,22/01/2019,China
724-79-1023,M,Valsartan and Hydrochlorothiazide,20/10/2019,Japan
810-73-3570,F,metformin hydrochloride,22/08/2018,Indonesia
360-94-2790,M,Hand Care Day care Broad Spectrum SPF 15,21/10/2018,Vietnam
470-94-9043,F,Rouge Dior 640 Soft Pink Serum,23/06/2019,Greece
881-51-2548,M,NARS Pure Radiant Tinted Moisturizer,12/06/2019,Bulgaria
135-18-5641,M,Malt,03/12/2019,Canada
133-71-1951,M,pain relief,16/05/2020,Brazil
635-90-2525,M,Dexamethasone Sodium Phosphate,02/08/2018,Indonesia
524-40-0613,M,Cetirizine Hydrochloride,17/02/2019,United States
616-74-8729,F,Ambien CR,08/11/2018,Portugal
648-68-7060,M,DRY COUGH HEADACHE,14/02/2020,South Africa
474-92-4962,F,SENSAI SILK 10 SECONDS AWAKENING ESSENCE,18/10/2018,Bosnia and Herzegovina
290-09-4660,M,Neutrogena,05/05/2018,China
124-32-7408,M,OXYGEN,19/04/2018,Indonesia
723-87-5952,M,Potassium Chloride in Dextrose and Sodium Chloride,16/08/2018,Canada
840-99-4556,M,Antibacterial Hand Sanitizer,15/12/2019,Kazakhstan
202-68-4012,F,Nitrogen,06/01/2019,France
702-04-2489,F,childrens fever reducer,20/01/2020,Japan
536-37-5692,F,Mineral Oil,06/06/2019,China
307-04-8212,M,Amoxicillin and Clavulanate Potassium,17/10/2019,Argentina
690-19-6536,F,A and D,09/07/2019,Russia
490-42-4207,F,Antibiotic,09/05/2019,Saudi Arabia
648-50-3907,M,Goldenrod,07/05/2019,China
533-31-3198,F,KLOR-CON M,11/02/2018,China
465-01-7312,F,Borrelia Remedy,17/04/2020,Ireland
290-23-8048,M,MOISTURIZING AND CLEANSING ACNE WIPES,01/01/2019,Mexico
476-22-2753,F,Dexamethasone,04/08/2019,Ukraine
511-81-0758,F,CitraNatal B-Calm,26/05/2018,Russia
863-15-3660,M,Zolpidem Tartrate,21/12/2018,Philippines
366-45-7285,M,Gemfibrozil,28/11/2018,Mexico
213-15-2851,M,Trihexyphenidyl Hydrochloride,02/01/2019,Brazil
697-73-9118,M,Ery-Tab,25/04/2020,France
242-33-7598,M,Neutrogena Ageless Intensives Anti Wrinkle Deep Wrinkle Daily Moisturizer,26/11/2019,Lithuania
407-10-5106,M,Oxygen Helium Mixture 20/80,08/06/2018,Indonesia
796-35-0711,M,Ponderosa Pine,10/01/2020,China
816-96-9140,F,MAZON MEDICATED PSORIASIS,25/01/2020,Nigeria
148-94-2965,F,Lysol,25/04/2018,Ghana
513-35-6303,M,Clarithromycin,19/03/2019,Thailand
860-21-5040,M,Stavudine,09/02/2020,Canada
454-19-8336,F,Cephalexin,21/03/2020,Russia
405-48-1364,M,New Hawaiian Tropic Sensitive Skin Lotion Sunscreen,02/08/2018,Indonesia
404-31-6493,F,Recede,19/03/2020,Indonesia
446-36-8152,M,CVS Hemorrhoidal Topical Analgesic,08/05/2019,Indonesia
474-64-4516,F,CODFISH,03/02/2018,Vietnam
434-13-6246,F,Medi-Pak Performance Antimicrobial with Aloe,12/12/2018,Macedonia
708-94-8546,M,Arthritis Pain Reliever,11/05/2018,Poland
814-38-6438,F,Somnitabs,01/07/2018,China
691-62-9313,F,allergy sinus pe,28/06/2018,Indonesia
495-54-4437,M,Ondansetron Hydrochloride and Dextrose,17/12/2018,Philippines
250-68-3112,M,INDIGESTION,01/02/2019,China
193-45-6058,M,AMOXICILLIN,23/03/2019,Albania
230-38-7867,M,Prednisone,08/06/2019,Indonesia
174-42-7649,F,Mesquite,31/01/2018,China
200-82-4338,F,Olanzapine,09/07/2018,Ivory Coast
143-21-2149,M,sirolimus,18/05/2020,United States
344-61-0394,F,LBEL COULEUR LUXE AMPLIFIER XP,17/11/2018,Kazakhstan
729-01-0261,M,PRAVACHOL,06/12/2018,Indonesia
479-35-6018,F,Nata Komplete,24/08/2018,China
742-95-0148,F,Divalproex Sodium,28/08/2018,Russia
820-29-7960,F,Bleomycin,06/12/2019,Colombia
861-83-9612,M,sodium bicarbonate,10/06/2019,Russia
856-25-7965,M,Tacrolimus,08/01/2018,Russia
319-23-7154,M,Sunmark Cold Head Congestion,18/01/2020,Sri Lanka
790-22-2966,M,Acid Reducer,21/09/2019,Brazil
842-19-8773,M,Complete Allery and Sinus Multi-Symptom,05/08/2019,Indonesia
217-24-0991,M,Eron Healing Tonic,21/02/2020,China
179-87-9287,M,Atorvastatin Calcium,07/09/2019,Philippines
892-92-0567,F,Protonix,28/02/2018,Japan
564-47-0555,M,COUMADIN,06/10/2018,Kazakhstan
302-54-4901,M,CTx4 Gel 1100,06/06/2019,China
644-06-3957,F,Exelon,30/04/2018,Kenya
333-91-2361,F,Nite Time,29/11/2018,France
521-44-9766,F,oxycodone hydrochloride,21/07/2018,Indonesia
260-14-2660,M,Triacting Cough and Sore Throat Grape,24/05/2018,Sweden
839-82-0712,M,Alka-Seltzer Plus,17/01/2020,Russia
205-21-9266,F,Melaleuca Pollen,10/10/2018,Indonesia
726-77-6266,F,Brain Power,01/03/2020,Russia
685-93-7716,M,OXYGEN,23/02/2019,Thailand
701-33-2405,F,Jute,04/10/2019,China
348-50-7688,M,BUMINATE,12/01/2018,Italy
797-59-4668,F,Ariel Sun Smacker SPF 24 Strawberry Kiwi,23/03/2018,Brazil
434-84-1736,F,Sodium Chloride,08/02/2020,Philippines
836-15-4324,F,good sense pain relief,27/04/2019,Peru
223-19-1521,M,Nefazodone Hydrochloride,31/01/2019,Russia
802-46-8883,M,SEPIA OFFICINALIS,20/04/2020,Croatia
427-77-8056,M,METOZOLV,17/07/2019,United States
529-05-2051,M,Elizabeth Arden Moisture Shield SPF 15,25/07/2019,Canada
826-08-4971,M,Fiber Therapy Orange Flavor,03/05/2018,Russia
242-70-0565,M,Motion Sickness,15/04/2018,Peru
453-19-4056,M,Femmesil,18/05/2020,France
826-01-7963,F,CARTEOLOL HYDROCHLORIDE,19/03/2018,China
217-13-7608,F,MoodBrite,23/10/2018,Myanmar
409-90-1847,F,antiperspirant deodorant,31/01/2018,Montenegro
165-58-0513,M,Hydroxyzine Hydrochloride,29/11/2018,Laos
570-81-1551,M,morphine sulfate,17/11/2019,Tunisia
310-16-2637,F,Benztropine Mesylate,22/04/2019,Tanzania
636-70-8272,M,Valacyclovir Hydrochloride,12/04/2019,China
817-03-3953,F,Alendronate Sodium,04/05/2018,Kazakhstan
744-41-8939,F,Ifosfamide,17/04/2019,Vietnam
317-47-8527,M,Athletes Foot Fighter,15/08/2019,Sudan
508-25-4618,M,GUNA-MALE,26/03/2019,Mexico
495-09-5780,M,PredniSONE,24/05/2020,Russia
327-63-1444,F,DIGOX,03/04/2019,Philippines
672-02-7187,F,Lycopodium Clavatum,10/10/2018,China
610-74-2218,F,Treatment Set TS348404,22/06/2019,Japan
334-44-5888,M,Amitriptyline Hydrochloride,23/03/2018,Portugal
871-03-9010,F,Propoxyphene,28/11/2018,Poland
258-59-3776,M,ibuprofen,27/03/2020,Indonesia
256-41-7212,F,Zometa,29/03/2018,Portugal
358-19-6546,M,LBEL Couleur Luxe Rouge Amplifier XP amplifying SPF 15,01/07/2018,Canada
373-18-7951,F,EMLA,12/11/2018,Germany
410-78-3940,F,CVS Clear Zinc SPF 50,12/02/2019,Indonesia
752-81-6797,F,LOSARTAN POTASSIUM and HYDROCHLOROTHIAZIDE,08/12/2018,Ivory Coast
214-64-1941,F,Lisinopril and Hydrochlorothiazide,19/09/2018,Russia
750-22-9781,F,Escitalopram Oxalate,26/07/2018,Poland
790-84-2468,M,INJURY,02/01/2018,China
403-82-8786,M,Benzalkonium Chloride Towelette,14/05/2020,Morocco
657-93-8619,M,Hydroxyzine Hydrochloride,21/11/2018,China
177-63-5372,M,escitalopram,07/05/2018,Sweden
619-76-4245,M,Extra Strength Pain Reliever PM,21/01/2020,Indonesia
195-58-6908,M,3M DuraPrep Surgical,06/05/2020,Colombia
523-11-7270,F,NUTRIXYL,02/09/2019,France
597-10-0026,M,topcare childrens ibuprofen,26/04/2018,France
252-57-7614,M,Piperacillin and Tazobactam,28/04/2019,Venezuela
138-69-2158,F,Medrol,26/10/2019,Brazil
732-72-1268,F,DAUNORUBICIN HYDROCHLORIDE,12/04/2018,Croatia
684-58-0247,F,TIGAN,12/03/2019,China
296-80-6139,M,Alprazolam,03/08/2018,Indonesia
899-33-7718,M,Alprazolam,20/05/2019,Guatemala
549-72-9326,M,Cyclobenzaprine Hydrochloride,25/11/2018,Portugal
859-92-0477,M,Maximum Strength Cortizone 10 Quick Shot 360 Continuous,31/12/2019,Thailand
107-79-5752,F,Speed Stick,19/01/2020,Indonesia
552-85-3139,F,Amlodipine Besylate and Benazepril Hydrochloride,01/06/2019,United States
484-43-4352,M,Omega-3-Acid Ethyl Esters,15/03/2018,Czech Republic
428-24-5525,M,Betamethasone Valerate,17/01/2019,China
488-06-9053,F,Pioglitazone,31/12/2019,Vietnam
219-20-5480,F,VAQTA,18/03/2020,Norway
509-86-2716,F,Monoket,11/08/2019,Sweden
394-72-4468,F,Insects (whole body) cockroach mix,22/11/2018,Indonesia
757-45-7296,F,Freshmist Sensitive Toothpaste,30/11/2018,United States
270-91-7136,F,Celox Ultra,28/11/2018,Poland
341-22-9829,M,Crest Pro-Health,25/04/2019,Latvia
594-27-9150,F,Estradiol,18/04/2018,France
800-09-6940,F,simvastatin,02/03/2018,Argentina
126-87-6177,F,Zonisamide,25/03/2019,China
607-26-1146,F,kirkland signature aller fex,09/03/2020,China
348-74-9857,M,Betapace,26/08/2018,China
208-96-2533,M,Motion Sickness,26/07/2019,Finland
508-99-0747,M,the Balm BalmShelter tinted moisturizer SPF 18 broad spectrum lighter than light,24/10/2018,Croatia
509-35-7667,F,Ketorolac tromethamine,05/05/2019,Brazil
338-53-6036,M,METHADONE HYDROCHLORIDE,01/07/2018,China
202-87-5613,M,SANITIZER,23/04/2018,Philippines
111-44-8698,M,Standardized Short Ragweed Pollen,01/05/2018,Nigeria
349-71-8452,F,Scrub-In Surgical Scrub Brush/Sponge,07/03/2019,Russia
719-09-1144,M,OXYGEN,08/09/2018,Sweden
158-13-6330,M,Oxygen,30/03/2019,Czech Republic
870-60-4609,F,Sodium FluorideF 18,30/07/2018,Panama
437-93-5753,F,Ibuprofen,25/04/2019,Czech Republic
601-09-9269,M,infants pain and fever,07/09/2019,China
520-97-9920,F,DELFLEX,22/04/2019,Sweden
573-74-7806,M,ShopRite Allergy,02/03/2019,Russia
295-25-8104,F,Hand Sanitizer,26/02/2020,Yemen
735-64-7378,M,Natureplex,15/09/2018,France
690-85-1234,F,Lamotrigine,19/05/2018,Indonesia
307-61-5619,M,Argentum Bryophyllum Special Order,17/04/2018,Sweden
117-53-3217,M,LOreal Paris Skin Expertise Revitalift Complete,15/08/2018,China
420-45-6667,F,The Cover Classic Foundation,11/02/2019,Russia
425-25-9215,M,Nicotine,28/01/2020,Peru
820-40-2774,F,Tricor,21/05/2018,Afghanistan
277-63-8876,M,Ban,06/06/2018,Sierra Leone
554-98-8732,F,Hydrocodone Bitartrate And Acetaminophen,18/05/2019,Costa Rica
255-13-3009,M,Duet DHA,09/05/2020,Nigeria
385-43-6539,M,Ropinirole Hydrochloride,26/08/2019,Indonesia
668-20-3607,M,Green Relief,28/01/2020,Palestinian Territory
321-93-4564,F,GABITRIL,16/08/2018,Norway
628-01-0916,F,OXYGEN,12/01/2018,China
457-59-1912,F,OUHI CELL POWER NO 1 ESSENCE,11/10/2019,Indonesia
796-29-6684,M,Pain Relief,26/06/2019,Indonesia
823-02-5741,F,Doxycycline,24/10/2019,China
454-27-6619,M,Fenoprofen Calcium,03/05/2018,Jamaica
563-13-0174,M,CVS Medicated Pads,19/11/2019,Mexico
702-49-4775,M,Jute,06/07/2019,Poland
717-87-9033,F,LEVOPHED,27/07/2018,Bosnia and Herzegovina
535-52-7013,F,Escitalopram,14/07/2018,China
828-61-5348,F,Belucie Luxury Essential Twin Pact NO21,12/05/2019,Indonesia
735-12-2389,M,Sinusitis,21/08/2019,Cuba
841-04-6029,M,Allergy Food andChemical Relief,02/01/2019,Serbia
799-68-8990,M,MEDI-PAK,09/08/2019,Russia
821-31-6411,M,Our Family Dish and Antibacterial Citrus Burst Scent,29/01/2019,Ukraine
899-12-9783,M,Erythromycin,07/08/2018,China
319-77-9820,F,Sore Throat,04/02/2020,Taiwan
297-90-9835,F,Raxibacumab,30/01/2020,Argentina
786-42-7889,F,Metronidazole,26/12/2019,China
711-62-3310,M,Piperacillin and Tazobactam,09/03/2019,Philippines
636-59-5221,M,Clarins Super Restorative Day,26/08/2019,China
581-71-4071,F,Aygestin,31/10/2018,Cuba
873-14-6714,M,Neutrogena Mineral Sheers,19/08/2019,Japan
547-67-9269,F,Ibuprofen,31/07/2019,Iran
851-36-4979,M,Smart Sense Cough DM,31/03/2020,China
525-18-5571,M,Daytime Cold and Pain Relief,04/02/2019,Uzbekistan
430-35-1031,F,Lamotrigine,12/09/2019,Poland
418-60-7918,M,Bacitracin Zinc and Polymyxin B Sulfate,22/05/2020,Russia
715-02-2466,F,Treatment Set TS350393,16/02/2019,Russia
706-31-0684,F,PECAN FOOD,24/05/2020,Panama
859-59-5362,F,SohMed Allergy Sinus,11/12/2018,China
571-61-1557,M,HELLO FLAWLESS OXYGEN WOW Broad Spectrum SPF 25 BRIGHTENING MAKEUP - Im Hopelessly Hot,15/10/2018,Brazil
756-69-1954,M,Headache Relief,17/07/2018,Indonesia
816-68-8819,M,Metformin Hydrochloride,18/01/2019,China
744-20-6814,F,Septaforce,26/02/2019,Indonesia
428-12-1148,F,ZOVIRAX,01/06/2019,Indonesia
214-32-6249,M,Zep E-2 Hand Sanitizing Cleaner,08/04/2019,Indonesia
176-32-9480,M,Nightime Cough and Bronchial,14/06/2019,Russia
424-93-3741,F,Theophylline,27/02/2019,Peru
388-27-4435,F,Neutrogena SkinClearing,07/01/2018,Czech Republic
373-70-7751,F,Prunus spinosa e summ. 30 Special Order,21/02/2020,China
351-61-5458,F,Intervene Makeup SPF 15,25/03/2019,China
167-25-8045,F,SUNBAR SPF 15,27/12/2019,Ukraine
317-45-2989,F,Clobetasol Propionate (emollient),22/07/2019,Russia
488-72-3488,F,Tamiflu,19/11/2018,France
464-62-2753,M,Oxybutynin Chloride,25/01/2018,United States
607-51-8512,M,Lorazepam,25/01/2019,Finland
867-71-5921,M,Smooth Brome Pollen,08/12/2019,France
861-58-5231,F,Allergy,25/02/2018,Nigeria
483-41-2228,F,CENTER-AL - AMBROSIA ACANTHICARPA POLLEN,24/03/2020,Benin
342-27-6137,M,Pasta de Lassar Andromaco,12/01/2018,Brazil
789-78-4101,F,Bentyl,21/08/2019,Gambia
567-67-5701,F,flormar Foundation Sunscreen Broad Spectrum SPF 20 LF10 SAND BEIGE,11/01/2019,Philippines
865-93-8075,F,Renes Veratrum,29/04/2020,Italy
185-14-4015,M,OMNIPAQUE,02/01/2018,Tajikistan
217-29-2052,M,Lithium Carbonate,04/07/2018,Russia
262-65-7424,F,Bengay Ultra Strength Pain Relieving,04/03/2018,Sweden
422-38-3390,M,Lorazepam,24/09/2018,Canada
466-86-0679,M,LBEL COULEUR LUXE AMPLIFIER XP,05/08/2019,Ukraine
131-74-7728,F,Metronidazole,26/01/2018,China
726-59-7462,M,Septaforce,22/03/2019,China
336-26-1152,F,Zaditor,01/05/2018,United States
821-51-9881,M,ULTRA CONTROL,23/06/2018,Indonesia
761-67-3834,M,Icy Hot Back,28/01/2018,Indonesia
770-49-6916,F,CPDA-1,15/09/2018,Ukraine
769-82-7053,F,Mary Kay Suncare Sunscreen SPF 30,13/03/2020,China
406-94-8149,M,MUCINEX,16/02/2020,Slovenia
732-59-7781,M,Biospec,31/10/2018,France
475-86-3311,F,Mirapharm-22,27/12/2019,France
595-85-9031,F,NU-DERM SYSTEM NORMAL-OILY,09/05/2020,Vietnam
617-96-1679,F,Ionite APF,09/01/2020,Portugal
252-55-5588,M,Creamy Beige Expert Finish Makeup Makeup Broad Spectrum SPF 25,08/11/2019,Honduras
364-37-1992,F,Adenosine,04/07/2018,Greece
747-62-2611,M,REYATAZ,29/12/2019,Cuba
445-24-0225,M,Phenobarbital Sodium,27/08/2019,United States
323-12-0460,F,ESIKA,14/10/2018,Sweden
367-70-0501,M,Isosorbide Sublingual,03/06/2019,Uruguay
174-63-3209,M,Oral-B,02/01/2020,Ireland
716-72-7343,M,Fexofenadine Hydrochloride,13/01/2018,Peru
100-89-8283,M,Methylene Blue,22/10/2018,China
487-22-9406,F,Well at Walgreens,24/04/2020,Gambia
617-46-3051,F,Good Sense Childrens Pain and Fever,14/01/2020,Chile
736-75-5150,M,Equaline nighttime,27/07/2019,Ireland
871-85-0391,F,Folic Acid,21/05/2020,Peru
852-45-5366,F,Arnica Aurum 6/10,30/03/2018,China
307-42-7326,F,Ropivacaine Hydrochloride,27/04/2018,Japan
556-66-7169,F,meloxicam,23/12/2019,France
171-57-5202,M,SunDrops 77,27/02/2019,Greece
144-30-6692,F,Childrens Cough and Cold RELIEF,18/07/2019,Denmark
284-97-5650,F,Glimepiride,30/05/2018,Russia
167-61-4523,M,MediSpa Sunblock,02/04/2019,China
492-11-0205,F,SANCTURA,19/09/2018,Portugal
239-49-7418,F,Western Water Hemp,06/07/2018,Russia
768-85-4166,M,ASPERGILLUS FUMIGATUS,03/03/2020,Indonesia
127-90-5472,F,Prazosin Hydrochloride,22/01/2018,Indonesia
643-28-9257,F,pain and fever,25/06/2019,China
673-69-7424,F,Infants Ibuprofen,07/01/2020,Japan
487-32-1727,M,Theophylline,14/10/2018,Philippines
575-98-4043,M,Propranolol Hydrochloride,08/10/2019,Indonesia
805-15-6566,F,Clobetasol Propionate,08/09/2019,Indonesia
773-08-1013,F,Finasteride,05/06/2019,Peru
445-01-0993,M,AMLODIPINE BESYLATE,07/03/2020,Poland
571-92-2098,M,SF 5000 Plus,25/06/2018,Zimbabwe
711-85-7365,F,Ampicillin,10/02/2019,Russia
735-34-0267,M,Simvastatin,30/10/2018,China
871-02-8595,F,3LAB Aqua BB SPF 40 BROAD SPECTRUM 03,08/08/2018,Nigeria
762-54-3850,M,Divalproex Sodium,29/04/2018,Philippines
593-16-9556,M,ARC FIRST AID Contains 1000 PIECES,11/10/2019,Russia
893-83-7172,M,ConRx Allergy,01/03/2019,China
752-32-9525,M,Lidocaine,29/09/2018,Indonesia
243-68-3449,M,Decitabine,10/04/2019,Honduras
478-10-3498,F,Trout,09/02/2020,Indonesia
724-84-0632,M,Arnica Montana Nartex,20/02/2018,Japan
302-55-7606,M,Donatussin,29/09/2019,Canada
500-05-5943,M,Zoloft,21/05/2019,Indonesia
552-40-5047,F,Phenobarbital,23/04/2020,Norway
564-18-6170,M,Nigrospora sphaerica,12/01/2018,Canada
866-72-7087,M,NIACIN,05/02/2018,Poland
683-26-8347,M,topcare day time nite time cold and flu relief,29/06/2019,Cape Verde
799-14-1750,F,MILK OF MAGNESIA ORIGINAL,25/08/2018,Czech Republic
695-59-3332,F,NightTime Sinus Relief,28/07/2019,Indonesia
794-82-3234,F,pravastatin sodium,23/02/2019,China
144-94-1526,F,Pan Aromas Baby,11/01/2019,Indonesia
316-43-2147,F,Instant Hand Sanitizer,30/07/2018,Philippines
867-73-0224,M,venlafaxine,16/03/2018,Indonesia
492-23-7203,F,Quinapril,20/07/2018,China
716-74-6840,M,Simple Saline,27/05/2018,Vietnam
172-97-5003,M,OXYGEN,31/10/2018,Philippines
398-12-2883,F,Codfish,23/06/2018,Philippines
307-38-7643,M,Metoprolol Tartrate,11/02/2019,Greece
597-65-9893,F,Hydrocodone Bitartrate And Acetaminophen,18/05/2018,Indonesia
816-41-1061,M,Captopril,22/10/2018,Iran
266-51-7766,F,good sense antacid,17/02/2019,China
442-17-5753,M,Tact Cool,17/11/2018,Indonesia
556-87-9410,F,Dry Idea Advanced Dry,08/12/2018,China
590-19-4167,M,Tracleer,15/11/2019,Peru
323-05-6120,F,BLEMISH,06/06/2018,China
772-32-7681,M,Beefwood/Australian Pine,23/01/2020,Poland
687-76-3912,M,DIPYRIDAMOLE,04/06/2019,Iran
478-92-2500,F,Touch Free Hand,01/05/2018,Mongolia
646-66-2276,M,Mycophenolate Mofetil,29/06/2019,Indonesia
648-51-8693,F,Phentermine Hydrochloride,13/10/2018,China
523-61-6620,M,up and up dye free infants pain and fever acetaminophen,06/04/2020,China
547-99-0478,F,LIP CARE SPF 15 WITH VITAMIN E,25/04/2020,Indonesia
777-99-5724,M,GOODSENSE ADVANCED RELIEF EYE DROPS,16/12/2018,Ethiopia
702-74-9970,M,Ciprofloxacin,31/03/2020,Brazil
401-01-8607,F,BEBULIN,24/04/2018,China
320-31-1438,F,Lamotrigine,10/03/2019,Estonia
737-54-0016,F,Hydrocodone Bitartrate And Acetaminophen,26/07/2019,China
343-28-3280,F,DayTime Multi-Symptom Flu Cold Medicine,19/01/2018,Croatia
674-38-6223,M,All Day Allergy,25/08/2018,Russia
457-03-8113,M,ASPIRIN,30/12/2019,Ukraine
528-68-6397,F,Cardizem LA,29/09/2018,Saint Kitts and Nevis
230-81-4257,M,Amlodipine Besylate,30/01/2018,Russia
524-81-5014,M,Diltiazem Hydrochloride,11/01/2020,China
604-78-8097,M,Lombardy Poplar,07/04/2018,China
164-30-9776,M,Effexor,02/05/2020,Brazil
374-13-0318,F,SMART SENSE,12/03/2020,Philippines
372-40-5887,F,AIR,01/07/2019,Peru
492-44-1876,F,denovo 3 H,15/03/2020,Norway
696-94-4518,F,Orajel for Codl Sores Relief and Concealer,05/05/2019,Sweden
280-20-6687,M,MERREM,07/05/2020,China
536-25-2757,F,Lucky,21/01/2018,Guinea
392-35-8927,F,Super CC Plus Cream,12/09/2019,France
281-38-7266,F,SOLU-MEDROL,28/08/2018,Jamaica
260-77-3645,F,Clear Eyes Redness Relief,04/03/2019,Morocco
147-55-9298,F,sunmark arthricream rub,01/07/2018,China
637-02-7143,M,Kochia,19/05/2019,Philippines
183-01-8526,M,SolMate,08/07/2018,Japan
609-94-7794,M,ciprofloxacin,22/09/2019,United States
311-94-8390,F,Roll On Anti-Perspirant (Alcohol Free),28/10/2018,China
882-61-3606,F,MAX HYALURONIC FORMULA AMPOULE,05/05/2020,Croatia
410-82-2539,F,LEVOTHYROXINE SODIUM,24/04/2020,Philippines
379-17-0906,M,Phosphorus,28/05/2018,Poland
258-78-5888,F,Striant,19/05/2018,Russia
671-67-2082,F,Hydroxyzine Pamoate,21/05/2019,Philippines
694-84-3795,F,Glipizide,04/03/2019,Greece
232-93-4908,F,ZALEPLON,17/10/2018,Japan
793-82-7477,F,Perdiem,12/08/2018,Brazil
697-51-3887,F,Simvastatin,23/04/2020,Benin
447-48-0056,F,Neut Sodium Bicarbonate,15/11/2018,Norway
577-45-8175,M,SHISEIDO PERFECT REFINING FOUNDATION,14/05/2018,China
752-42-1481,M,Ofloxacin,26/04/2018,Brazil
360-86-6561,F,Normosol-R,20/05/2019,Morocco
668-99-6558,M,Arnica Forte,01/09/2019,United States
188-36-6848,F,All Day Pain Relief,02/02/2020,China
244-35-9283,F,Coppertone Sensitive Skin,07/01/2019,Poland
701-99-0402,M,Azithromycin,27/12/2019,France
856-65-9178,M,Cytra-K,16/06/2018,Mongolia
268-31-2280,M,Methocarbamol,26/10/2018,Indonesia
561-64-2746,M,Loperamide HCl,12/07/2018,Indonesia
766-24-2482,F,Buspirone Hydrochloride,17/10/2019,Croatia
636-75-1096,F,sunmark cold and flu severe,27/06/2018,Philippines
417-19-8928,F,MISSHA ALL AROUND SAFE BLOCK ESSENCE SUN,27/05/2019,Poland
790-62-3282,F,NAUSEA,13/03/2020,Indonesia
820-62-0998,F,Alprazolam,23/12/2018,Greece
160-28-5727,M,Ulta Vanilla Sugar Anti-Bacterial Hand Sanitizer,22/04/2020,Philippines
184-06-2967,F,Etomidate,09/03/2018,Honduras
588-70-2996,F,Cefuroxime Axetil,01/04/2020,Thailand
295-74-6812,M,Citalopram Hydrobromide,19/11/2019,Iran
329-30-6735,M,MAX HYALURONIC MASK,28/03/2020,Indonesia
509-71-0679,M,Frankincense and Myrrh Carpal Tunnel,17/09/2018,Japan
468-20-9391,F,BABY ECZEMA RELIEF,15/09/2019,Latvia
362-49-9493,F,Cimetidine,20/04/2018,France
888-90-1055,M,Nerve Pain,06/01/2018,Croatia
660-08-5107,M,Diovan HCT,27/10/2018,New Zealand
631-32-6196,F,REQUIP,23/08/2018,Portugal
706-34-6042,M,kirkland signature pain and fever,27/02/2019,Greece
533-99-9716,M,Ibuprofen,24/04/2018,Canada
810-92-1860,M,Yves Saint Laurent Teint Resist,03/03/2019,China
392-05-0741,F,Phenazopyridine HCl,11/03/2018,Poland
555-32-0968,M,ZYLOPRIM,07/01/2020,China
278-96-0104,M,Burweed Marsh Elder,02/12/2019,United Arab Emirates
419-88-7223,M,Flaxseed,14/08/2019,Philippines
301-69-3639,M,Amnesteem,29/07/2019,Guatemala
644-86-3620,F,Protonix,16/11/2018,China
896-91-1646,F,Amlodipine Besylate and Benazepril Hydrochloride,02/03/2020,China
702-85-1189,M,OSCIMIN,05/05/2019,Saint Vincent and the Grenadines
146-13-5548,F,Atovaquone and Proguanil Hydrochloride,31/07/2019,Philippines
348-14-4115,M,Diazepam,21/03/2020,Thailand
245-14-5039,M,Acyclovir,18/05/2018,Indonesia
269-90-4775,M,Gerbil Epithelium,22/08/2019,Bolivia
836-62-7182,F,Jute,28/04/2020,China
537-77-3619,M,Ultravist,22/06/2018,China
889-50-3588,M,Health Mart Pain Relief,07/02/2019,Vietnam
735-84-6966,F,Adenoscan,14/11/2019,Indonesia
427-56-7323,M,ENALAPRIL MALEATE,20/03/2019,Guinea-Bissau
607-83-7735,F,Enalapril Maleate,09/08/2018,Russia
167-42-8313,M,Spiny Pigweed,24/02/2019,Serbia
692-45-5196,M,Phosphasal,15/07/2018,Philippines
252-40-6054,M,Levothyroxine Sodium,15/01/2019,China
237-90-7860,F,LAMICTAL,12/09/2018,Albania
540-72-0436,F,Fentanyl Citrate,09/01/2020,Peru
812-54-8260,F,NUCYNTA,27/09/2019,Russia
528-91-2949,F,cilostazol,06/01/2020,Greece
198-10-2811,M,Ear Ringing,21/02/2020,China
752-21-0007,M,BLACKJACK OAK POLLEN,01/02/2019,United States
204-31-5795,M,Phosphorus 8 Special Order,25/01/2019,Sweden
849-91-3264,F,Hydroxyzine Hydrochloride,12/07/2018,Brazil
667-39-2148,M,Antihistamine Allergy,20/04/2019,Malawi
264-70-4792,F,White Ash,10/01/2020,Indonesia
600-34-9938,F,Headache Relief,23/03/2020,China
504-86-1479,M,Fludeoxyglucose F 18,23/02/2019,China
393-73-5550,F,Handy Solutions LISTERINE ANTISEPTIC MOUTHWASH,07/03/2020,China
387-95-6266,M,Ketoprofen,12/05/2018,China
717-27-8099,M,Lexapro,01/01/2020,Indonesia
507-02-8692,M,Alka-Seltzer Plus Fast Packs Cold and Flu Formula,10/03/2020,Greece
405-19-5147,M,Antabuse,07/05/2020,Latvia
706-71-7315,F,RABBIT HAIR AND EPITHELIA,27/02/2020,Namibia
766-64-6674,M,ChildrensRelief Expectorant Grape,09/04/2019,Kazakhstan
409-48-0547,M,Allergy Medicine,05/02/2018,Kazakhstan
430-62-5377,F,Hawaiian Tropic,09/05/2020,Argentina
106-87-4607,F,LBEL,05/10/2019,Mexico
117-53-9912,F,Cepacol Sensations,26/10/2018,Venezuela
762-56-3229,F,Dreumex Omnicare Hand Sanitizer,19/09/2019,China
452-76-4899,F,EARACHE KIDS RELIEF,03/01/2019,Slovenia
781-93-9395,F,Topiramate,14/12/2019,Philippines
809-44-5508,M,Diaper Rash,16/05/2018,Croatia
855-77-0483,F,Cough,25/04/2019,Brazil
604-68-6436,M,PREDNISONE,25/07/2018,Poland
190-80-5260,F,Rimmel London,28/03/2020,Colombia
514-19-9779,F,Gonak Hypromellose,18/06/2018,China
860-99-9653,F,IOPIDINE,16/08/2018,France
837-25-1731,F,Karaya Gum,10/05/2018,Czech Republic
299-29-7733,M,Lisinopril with Hydrochlorothiazide,12/12/2019,Russia
330-22-7201,F,Serdaen,28/04/2020,Russia
761-21-7267,M,Primer,11/07/2018,Brazil
470-96-0755,F,DIANEAL Low Calcium with Dextrose,22/04/2020,Peru
782-93-1759,F,SHISEIDO SHEER AND PERFECT COMPACT (REFILL),20/06/2019,China
707-59-6455,M,ZYNCOF,26/06/2018,Indonesia
566-42-9335,M,Saline Laxative,01/03/2020,China
442-53-0313,F,VENTOLIN,25/05/2018,Indonesia
194-97-0567,F,Clean and Clear,28/05/2018,South Korea
